username,email,page
performanceTestUser1,performanceTestUser1@email.com,http://test.telerikacademy.com/Users/performanceTestUser1
performanceTestUser2,performanceTestUser2@email.com,http://test.telerikacademy.com/Users/performanceTestUser2
performanceTestUser3,performanceTestUser3@email.com,http://test.telerikacademy.com/Users/performanceTestUser3
performanceTestUser4,performanceTestUser4@email.com,http://test.telerikacademy.com/Users/performanceTestUser4
performanceTestUser5,performanceTestUser5@email.com,http://test.telerikacademy.com/Users/performanceTestUser5
performanceTestUser6,performanceTestUser6@email.com,http://test.telerikacademy.com/Users/performanceTestUser6
performanceTestUser7,performanceTestUser7@email.com,http://test.telerikacademy.com/Users/performanceTestUser7
performanceTestUser8,performanceTestUser8@email.com,http://test.telerikacademy.com/Users/performanceTestUser8
performanceTestUser9,performanceTestUser9@email.com,http://test.telerikacademy.com/Users/performanceTestUser9
performanceTestUser10,performanceTestUser10@email.com,http://test.telerikacademy.com/Users/performanceTestUser10
performanceTestUser11,performanceTestUser11@email.com,http://test.telerikacademy.com/Users/performanceTestUser11
performanceTestUser12,performanceTestUser12@email.com,http://test.telerikacademy.com/Users/performanceTestUser12
performanceTestUser13,performanceTestUser13@email.com,http://test.telerikacademy.com/Users/performanceTestUser13
performanceTestUser14,performanceTestUser14@email.com,http://test.telerikacademy.com/Users/performanceTestUser14
performanceTestUser15,performanceTestUser15@email.com,http://test.telerikacademy.com/Users/performanceTestUser15
performanceTestUser16,performanceTestUser16@email.com,http://test.telerikacademy.com/Users/performanceTestUser16
performanceTestUser17,performanceTestUser17@email.com,http://test.telerikacademy.com/Users/performanceTestUser17
performanceTestUser18,performanceTestUser18@email.com,http://test.telerikacademy.com/Users/performanceTestUser18
performanceTestUser19,performanceTestUser19@email.com,http://test.telerikacademy.com/Users/performanceTestUser19
performanceTestUser20,performanceTestUser20@email.com,http://test.telerikacademy.com/Users/performanceTestUser20